"国家","出度","入度","加权出度","加权入度","介数中心性","接近中心性","特征向量中心性"
"23",2,2,733700,733700,0.0114942528735632,0.556549799157476,9.7648265714052e-13
"169",5,5,203573.835,203573.835,0.0780679024649525,0.997818995621958,7.86944980565443e-09
"121",5,5,704714886.096,704714886.096,0,0.997024402612733,0.0105861234430423
"5",7,7,18855549.304,18855549.304,0,0.851405500987874,3.06944830449353e-05
"30",12,12,4691049492.541,4691049492.541,0,0.992560255366536,0.0536538198194356
"168",1,1,1427.595,1427.595,0,0.997282802053947,2.57791559429186e-12
"164",2,2,562243,562243,0,0.977769402554197,1.50025748569652e-05
"108",10,10,2471969.635,2471969.635,0.0114942528735632,0.994568604476915,2.47466897630502e-05
"38",37,37,152346034.072,152346034.072,0.0706929772108166,0.996453685124099,3.22265144518865e-05
"112",5,5,4218582.709,4218582.709,0.0156800212610458,0.984575233225467,1.18743788384182e-07
"9",1,1,33423,33423,0,0.957626596183667,3.72457760210734e-07
"142",3,3,14257.66,14257.66,0.0129559497707793,0.996901526059953,3.0856350103183e-11
"18",3,3,895817358.452,895817358.452,0,0.0112250612753861,0.0168164942517297
"32",1,1,6410480,6410480,0,0.112750998037291,7.1436825619355e-05
"139",3,3,6162985.527,6162985.527,0,0.898633742491962,1.10787505723646e-07
"160",57,57,153718765.277,153718765.277,0.359643877483224,0.999028049068713,6.18518530342757e-05
"56",11,11,69546219.728,69546219.728,0,0.987485495987999,0.000771946433042711
"17",9,9,81106459.92,81106459.92,0,0.964503415131996,3.30408667397815e-05
"70",6,6,7321734.974,7321734.974,0,0.954340149366618,1.07624132997925e-06
"124",3,3,1161451.062,1161451.062,0,0.990474335348995,1.99873125304421e-09
"128",1,1,112542,112542,0,0.876170860893119,1.25414059927704e-06
"16",1,1,177819,177819,0,0.818058507010767,4.82519274154657e-06
"42",47,47,42620088569.27,42620088569.27,0.0619227958275198,0.995800847393136,0.92944895214979
"60",4,4,529704.82,529704.82,0,0.984188653443748,2.42930074333425e-07
"82",14,14,3561341.824,3561341.824,0.0658428011427812,0.996958917938816,1.78291694479911e-07
"157",2,2,56817.424,56817.424,0,0.994224098190624,2.43941269776124e-08
"94",5,5,3960539.721,3960539.721,0,0.951674115491349,5.22876240330655e-10
"31",1,1,8837.778,8837.778,0,0.988373019084238,1.23020757091846e-09
"93",5,5,14627040.837,14627040.837,0,0.928400690337392,8.62408167351994e-05
"78",63,63,2354568687.339,2354568687.339,0.0844462161982592,0.994752498487154,0.0169075550522949
"174",14,14,42390869.19,42390869.19,0,0.993624033991667,0.000235192323488839
"125",45,45,46896438956.673,46896438956.673,0.0910238522357318,0.997193729303927,1
"29",3,3,212477859.256,212477859.256,0,0.952065354437002,0.00237078945637215
"163",3,3,255463.565,255463.565,0,0.996812833050322,2.03210724744042e-07
"140",1,1,1386.545,1386.545,0,0.994531389511697,5.65860910780971e-13
"44",4,4,108787877.223,108787877.223,0,0.993910159095274,0.00193763330733583
"27",7,7,1176749.454,1176749.454,0.0568068566872633,0.962352050616237,2.21858514494334e-09
"111",17,17,119530607.567,119530607.567,0.000597966912497508,0.995285781761095,1.14028460075671e-05
"72",1,1,2853680,2853680,0,0.221985742005186,3.18007139143155e-05
"136",1,1,14740,14740,0,0.979121488262482,1.64258964949472e-07
"10",8,8,3629720.582,3629720.582,0.0228556242110159,0.988836284888647,1.44724204281783e-06
"19",17,17,33990203.169,33990203.169,0,0.993301448541748,8.64873935103304e-06
"167",3,3,112347.88,112347.88,0.00704272141385954,0.930383977125654,8.96642530499999e-10
"104",26,26,19123629.098,19123629.098,0.266294598365557,0.998720088504732,9.809645668926e-06
"145",2,2,19023878.051,19023878.051,0,0.995038161953722,0.000211961011234509
"8",1,1,76010,76010,0,0.911989404328159,8.4703690134392e-07
"73",11,11,1660338462.248,1660338462.248,0.0342834363165238,0.960044552235748,0.0193663119017074
"90",2,2,39323,39323,0.0228556242110159,0.955521892881313,4.02657434826676e-07
"37",1,1,15687.737,15687.737,0,0.978613569103303,2.40332472888871e-08
"76",9,9,819730.76,819730.76,0.000332203840276394,0.993428526945661,1.03823850770928e-07
"100",1,1,3673247.587,3673247.587,0,0.18151790529086,5.32218434349004e-08
"63",1,1,9000,9000,0,0.97353501074726,6.32131468512256e-10
"166",1,1,13481.217,13481.217,0,0.982488676099948,3.8609429118572e-12
"138",3,3,26840.606,26840.606,0.0171417181582619,0.996269313134134,2.1849656251586e-11
"127",13,13,2093877.95,2093877.95,0.0215932496179656,0.996223284757503,4.62634649710277e-07
"50",47,47,81998819.231,81998819.231,0.0440502292206498,0.998200407503108,0.000133920252759768
"4",1,1,6716.171,6716.171,0,0.99005608134352,2.62590473089054e-11
"151",1,1,142821.888,142821.888,0,0.850181148274784,2.57904218129598e-10
"152",6,6,3085303.853,3085303.853,0.0737492525413594,0.997921400568399,6.09119898375497e-08
"118",47,47,1622215436.783,1622215436.783,0.170752773902066,0.999272099894015,0.014678023988832
"170",2,2,595722.705,595722.705,0,0.917339864454263,3.38697477131823e-12
"115",1,1,3142.85,3142.85,0,0.99358064579965,4.8147729173353e-09
"66",14,14,91888201.119,91888201.119,0,0.991312381992132,0.00126682951208577
"155",1,1,6443.849,6443.849,0,0.990895296870958,1.84548124414992e-12
"117",1,1,1825132,1825132,0,0.308381891392257,2.03388258626974e-05
"80",4,4,238578.4,238578.4,0.0114942528735632,0.952002439090373,1.02626189951833e-06
"175",1,1,2396.205,2396.205,0,0.952156992718365,2.32076383463147e-13
"147",1,1,88679,88679,0,0.898449326636242,2.40634165712105e-06
"143",2,2,3334443,3334443,0,0.703015300695032,3.80718629518251e-06
"86",20,20,147318725.423,147318725.423,0.0135539166832769,0.996251525234385,1.48651036640101e-05
"46",4,4,184632.808,184632.808,0,0.993110980366565,5.77434838459747e-08
"135",30,30,85855449.933,85855449.933,0.477177596173012,1,8.24103777862924e-05
"110",12,12,1380146294.742,1380146294.742,0.0276393595109959,0.997724941211022,0.0140712983302849
"105",3,3,1096127589.011,1096127589.011,0,0.370815653355444,0.0225620629413788
"55",5,5,326075319.023,326075319.023,0.0451797222775895,0.974708545327391,0.0078489355606672
"47",12,12,24744748.08,24744748.08,0.01787256660687,0.996925514908804,1.23131205255932e-05
"25",9,9,127306772.787,127306772.787,0.0114942528735632,0.984115260615965,0.00240576909284588
"114",41,41,1257998373.947,1257998373.947,0.0671051757358315,0.99524979946427,0.0182286623964045
"77",2,2,500994.934,500994.934,0,0.781572799051076,3.20305444385726e-06
"83",15,15,1636828903.265,1636828903.265,0.0630522888844595,0.998634630083267,0.0205632940733585
"122",5,5,3188131.829,3188131.829,0,0.993018435545648,1.50364233624541e-05
"91",6,6,15826339.06,15826339.06,0.0342169955484685,0.986888699381063,5.17728612853757e-08
"69",5,5,4692819.142,4692819.142,0.0114942528735632,0.968702458904297,8.77905980018505e-10
"99",4,4,123731.036,123731.036,0,0.97663903273296,4.8053261876167e-07
"134",2,2,586928.08,586928.08,0,0.937879367100157,6.02507108493264e-06
"158",6,6,569290.907,569290.907,0,0.99217017139787,7.65783072734837e-08
"74",3,3,85938049.94,85938049.94,0,0.0473305348877289,0.000953194038398101
"172",1,1,28670.887,28670.887,0,0.964239902708084,4.15413723935835e-10
"129",2,2,3012.447,3012.447,0.034084114012358,0.99739288962004,1.48171819891439e-09
"13",15,15,2521197.349,2521197.349,0.0120922197860607,0.982307925623721,1.60640378382221e-07
"3",6,6,215001.534,215001.534,0.0116935751777291,0.982824012661995,7.71468436648269e-08
"75",1,1,67071.868,67071.868,0,0.922334340504798,9.71807201403116e-10
"33",7,7,8350156.938,8350156.938,0,0.968890720577779,3.75937032699568e-06
"159",17,17,360294332.808,360294332.808,0,0.997560753097582,0.00394314252206007
"123",3,3,26685.971,26685.971,0.00830509600690984,0.998638669684101,2.91919832539071e-08
"36",2,2,9566.711,9566.711,0.0114942528735632,0.956093219301977,4.2370165007051e-16
"87",4,4,13246990.598,13246990.598,0,0.994288124569879,4.27678798019347e-07
"107",1,1,1234,1234,0,0.994301640118044,3.34851047585942e-08
"171",6,6,252709.587,252709.587,0,0.997621935440141,9.81220157662493e-08
"45",3,3,3000304697.684,3000304697.684,0,0.99587311324792,0.0445579115556884
"106",1,1,30716,30716,0,0.961073004981225,8.9675874198298e-07
"165",3,3,429354.223,429354.223,0,0.990995214655919,1.95344045694257e-09
"119",6,6,11430274.843,11430274.843,0.0114942528735632,0.996622045683419,0.000121795518846786
"97",7,7,4422603.659,4422603.659,0.0114942528735632,0.996580887159943,1.01747732732725e-07
"103",4,4,1430800.758,1430800.758,0,0.98013523069155,9.18488646163821e-06
"14",4,4,18266801.679,18266801.679,0.034084114012358,0.99453980253699,0.000201889118380935
"15",5,5,44511215.045,44511215.045,0,0.95000878113481,0.000449313770778047
"154",48,48,1171640807.826,1171640807.826,0.0439173476845392,0.998571383266247,0.0151224823420946
"51",3,3,36789.171,36789.171,0.0197993488804731,0.997775270668077,3.47235618918719e-11
"39",10,10,1602632.619,1602632.619,0.0302305494651518,0.996217019678878,1.39786349993712e-05
"130",2,2,3001309,3001309,0,0.942632967826939,3.32908971616412e-10
"161",22,22,144413975.1,144413975.1,0.00179390073749253,0.965049080725962,0.000336480375590436
"65",1,1,12520,12520,0,0.982147882812238,3.65523487746676e-07
"81",2,2,21415.348,21415.348,0,0.984533237232476,5.38574442805369e-13
"59",10,10,201538428.852,201538428.852,0,0.993208067831247,0.00368608862155052
"41",3,3,26811.38,26811.38,0,0.996384223441768,5.33151028982108e-07
"156",5,5,101057.357,101057.357,0.0114942528735632,0.993170975327685,1.95949912113319e-06
"20",9,9,218686160.45,218686160.45,0,0.978805149872315,2.71780644361019e-05
"1",2,2,16555076.388,16555076.388,0,0.987857426555179,0.000184424831907743
"61",3,3,25373.292,25373.292,0,0.992949855096171,1.37777335362735e-07
"7",14,14,3170305621.63,3170305621.63,0.000132881536110557,0.979341028925693,0.0127052583365363
"85",7,7,83287906.589,83287906.589,0,0.991483596577312,0.000254144247861018
"24",7,7,76786207.286,76786207.286,0,0.990276205862832,0.000764604984771253
"102",24,24,133466702.076,133466702.076,0.112085575709255,0.9979923572566,1.91032327516453e-05
"79",18,18,320459713.73,320459713.73,0.168294465484021,0.999081322882031,0.00476786935958098
"34",4,4,158971.331,158971.331,0,0.979806049136975,3.90564404026839e-08
"22",7,7,12270886.733,12270886.733,0,0.990870791404659,3.46936582016032e-07
"2",27,27,175373606.93,175373606.93,0.0102318782805129,0.995041583757212,8.5740997515583e-05
"58",11,11,603973326.528,603973326.528,0.00305627533054282,0.979107655181803,0.0132009372721325
"71",4,4,2553578.298,2553578.298,0,0.958544527042433,3.19328098357342e-10
"21",1,1,19950,19950,0,0.973030933864371,2.2231793424301e-07
"68",1,1,13863,13863,0,0.980154217475706,1.54485890847662e-07
"126",1,1,32110,32110,0,0.959106329855986,3.57826008448274e-07
"146",8,8,140723010.592,140723010.592,0.0114942528735632,0.992977363431674,0.00292139106254401
"153",5,5,526641.966,526641.966,0.0649790711580626,0.967508919272125,7.13077467663881e-06
"92",26,26,115986864.113,115986864.113,0.0949438575509933,0.995713657688606,1.69863874259993e-06
"43",2,2,65016.1,65016.1,0.0156800212610458,0.95857537391058,3.76017008332255e-07
"150",17,17,15170438.212,15170438.212,0.0237193541957345,0.996048959041768,5.23534912333249e-05
"26",17,17,91582045.658,91582045.658,0,0.987483304922143,1.00536210441832e-05
"84",11,11,8103921.503,8103921.503,0,0.995033917639418,2.45867874149566e-06
"48",1,1,1888.267,1888.267,0,0.993922848029534,7.70617963640684e-13
"137",24,24,115487355.197,115487355.197,0.19181449737559,0.998097414096117,0.000496282259613011
"11",12,12,602817176.26,602817176.26,0.0594644874094745,0.998148408955847,0.0104663316886899
"109",1,1,6354.16,6354.16,0,0.92005089380192,8.91929261321838e-13
"133",27,27,2149608064.837,2149608064.837,0.0766062055677364,0.997402314386941,0.052473640438508
"101",1,1,68790.225,68790.225,0,0.920544137566282,9.96704550425853e-10
"88",10,10,1002538.781,1002538.781,0.0152149358846588,0.996873286810248,7.34085564537533e-06
"95",1,1,11169.16,11169.16,0,0.985534508967669,2.01689917231623e-11
"54",1,1,1350,1350,0,0.958520210626286,7.63293652235461e-10
"131",2,2,59801.699,59801.699,0,0.931894293962973,2.8986078711473e-08
"116",13,13,7104721.922,7104721.922,0,0.991127816536362,1.58038955191682e-06
"49",17,17,9554247.496,9554247.496,0.0940801275662747,0.99765075941612,1.27570473627747e-06
"40",2,2,68969,68969,0,0.958520210626286,6.22403270186583e-08
"120",1,1,3875125,3875125,0,0.17336467724032,5.85731857527017e-12
"162",15,15,1781190511.566,1781190511.566,0.106438110424557,0.997854928677022,0.0436151427423848
"132",1,1,1077655.16,1077655.16,0,0.430181986778255,4.42715720409467e-07
"53",13,13,26346272.029,26346272.029,0.0229220649790712,0.954830088381181,3.31738607894272e-06
"113",3,3,4003196.391,4003196.391,0.0114942528735632,0.933049695392134,4.40148160673944e-05
"148",4,4,245609425,245609425,0,0.954736042985341,0.00456744112219918
"12",18,18,1681326804.615,1681326804.615,0.0229220649790712,0.995456589723958,0.0311410461467393
"52",4,4,3256227.21,3256227.21,0,0.857632152944268,1.49107442618512e-07
"28",1,1,14182.76,14182.76,0,0.977824999253397,7.00087823608379e-09
"57",8,8,11513340.676,11513340.676,0.0115606936416185,0.926698485320861,4.80796508790553e-06
"64",42,42,1343020714.167,1343020714.167,0.0228556242110159,0.979421228250602,0.000967975944678213
"144",12,12,38769058.992,38769058.992,0.0114942528735632,0.996743857841777,0.000481079681928417
"96",30,30,407275607.041,407275607.041,0.0423892100192678,0.996695755538146,0.00788086332800452
"62",10,10,5309361.038,5309361.038,0,0.989581207186445,2.59824183321375e-06
"67",10,10,453016022.202,453016022.202,0,0.997384480185302,0.010650078265139
"141",80,80,24159923638.55,24159923638.55,0.20025247491861,0.996773177887555,0.381698662546203
"89",2,2,11059648.06,11059648.06,0,0.525101117777593,1.65842921023696e-11
"6",2,2,47866796,47866796,0,0.0372262642042421,0.000870425028417381
"173",13,13,1045043974.505,1045043974.505,0.0031227160985981,0.984652699428832,0.0184089813291163
"35",1,1,1408,1408,0,0.991276800066272,1.20089022903869e-10
"149",11,11,10888943.501,10888943.501,0.0229220649790712,0.992257543803681,9.12851476997981e-09
"98",3,3,61332146.971,61332146.971,0,0.144833526508429,7.3729454605508e-07
